[
  { "id": 1, "CategoryId": 1, "name": "Singa" },
  { "id": 2, "CategoryId": 1, "name": "Gajah" },
  { "id": 3, "CategoryId": 1, "name": "Anjing" },
  { "id": 4, "CategoryId": 1, "name": "Kucing" },
  { "id": 5, "CategoryId": 2, "name": "Apel" },
  { "id": 6, "CategoryId": 2, "name": "Pisang" },
  { "id": 7, "CategoryId": 2, "name": "Stroberi" },
  { "id": 8, "CategoryId": 2, "name": "Jeruk" },
  { "id": 9, "CategoryId": 3, "name": "Mobil" },
  { "id": 10, "CategoryId": 3, "name": "Sepeda" },
  { "id": 11, "CategoryId": 3, "name": "Motor" },
  { "id": 12, "CategoryId": 3, "name": "Pesawat" },
  { "id": 13, "CategoryId": 4, "name": "Jepang" },
  { "id": 14, "CategoryId": 4, "name": "Prancis" },
  { "id": 15, "CategoryId": 4, "name": "Brasil" },
  { "id": 16, "CategoryId": 4, "name": "Kanada" },
  { "id": 17, "CategoryId": 5, "name": "Pizza" },
  { "id": 18, "CategoryId": 5, "name": "Burger" },
  { "id": 19, "CategoryId": 5, "name": "Sushi" },
  { "id": 20, "CategoryId": 5, "name": "Nasi Goreng" },
  { "id": 21, "CategoryId": 6, "name": "Gitar" },
  { "id": 22, "CategoryId": 6, "name": "Piano" },
  { "id": 23, "CategoryId": 6, "name": "Drum" },
  { "id": 24, "CategoryId": 6, "name": "Biola" },
  { "id": 25, "CategoryId": 7, "name": "Merah" },
  { "id": 26, "CategoryId": 7, "name": "Biru" },
  { "id": 27, "CategoryId": 7, "name": "Hijau" },
  { "id": 28, "CategoryId": 7, "name": "Kuning" },
  { "id": 29, "CategoryId": 8, "name": "Sepak Bola" },
  { "id": 30, "CategoryId": 8, "name": "Basket" },
  { "id": 31, "CategoryId": 8, "name": "Bulu Tangkis" },
  { "id": 32, "CategoryId": 8, "name": "Renang" }
]
